Index of /dist/v8.9.4/,,,
,,,
Node JS,,,Size in Mbs
docs/,02-Jan-2018 23:59,-,
win-x64/,02-Jan-2018 23:52,-,
win-x86/,02-Jan-2018 23:49,-,
SHASUMS256.txt,03-Jan-2018 04:26,3671,0.003671
SHASUMS256.txt.asc,03-Jan-2018 04:26,4553,0.004553
SHASUMS256.txt.sig,03-Jan-2018 04:26,566,0.000566
node-v8.9.4-aix-ppc64.tar.gz,03-Jan-2018 02:45,21960258,21.960258
node-v8.9.4-darwin-x64.tar.gz,03-Jan-2018 02:32,16142777,16.142777
node-v8.9.4-darwin-x64.tar.xz,03-Jan-2018 02:33,10451856,10.451856
node-v8.9.4-headers.tar.gz,03-Jan-2018 02:41,497856,0.497856
node-v8.9.4-headers.tar.xz,03-Jan-2018 02:41,361028,0.361028
node-v8.9.4-linux-arm64.tar.gz,03-Jan-2018 11:02,17871424,17.871424
node-v8.9.4-linux-arm64.tar.xz,03-Jan-2018 11:03,10755040,10.75504
node-v8.9.4-linux-armv6l.tar.gz,03-Jan-2018 03:06,17124833,17.124833
node-v8.9.4-linux-armv6l.tar.xz,03-Jan-2018 03:22,10291220,10.29122
node-v8.9.4-linux-armv7l.tar.gz,03-Jan-2018 02:27,17159621,17.159621
node-v8.9.4-linux-armv7l.tar.xz,03-Jan-2018 02:30,10275864,10.275864
node-v8.9.4-linux-ppc64le.tar.gz,03-Jan-2018 02:23,17865502,17.865502
node-v8.9.4-linux-ppc64le.tar.xz,03-Jan-2018 02:24,10627808,10.627808
node-v8.9.4-linux-s390x.tar.gz,03-Jan-2018 02:23,18421012,18.421012
node-v8.9.4-linux-s390x.tar.xz,03-Jan-2018 02:24,10977964,10.977964
node-v8.9.4-linux-x64.tar.gz,03-Jan-2018 02:23,18019930,18.01993
node-v8.9.4-linux-x64.tar.xz,03-Jan-2018 02:24,11410120,11.41012
node-v8.9.4-linux-x86.tar.gz,03-Jan-2018 02:24,17551623,17.551623
node-v8.9.4-linux-x86.tar.xz,03-Jan-2018 02:26,11018824,11.018824
node-v8.9.4-sunos-x64.tar.gz,03-Jan-2018 02:33,19464223,19.464223
node-v8.9.4-sunos-x64.tar.xz,03-Jan-2018 02:34,11960188,11.960188
node-v8.9.4-sunos-x86.tar.gz,03-Jan-2018 02:28,18230539,18.230539
node-v8.9.4-sunos-x86.tar.xz,03-Jan-2018 02:28,11144284,11.144284
node-v8.9.4-win-x64.7z,03-Jan-2018 02:57,9026297,9.026297
node-v8.9.4-win-x64.zip,03-Jan-2018 02:58,17076472,17.076472
node-v8.9.4-win-x86.7z,03-Jan-2018 02:54,7936675,7.936675
node-v8.9.4-win-x86.zip,03-Jan-2018 02:54,15574768,15.574768
node-v8.9.4-x64.msi,03-Jan-2018 02:58,16748544,16.748544
node-v8.9.4-x86.msi,03-Jan-2018 02:55,15159296,15.159296
node-v8.9.4.pkg,03-Jan-2018 02:53,16419065,16.419065
node-v8.9.4.tar.gz,03-Jan-2018 02:35,31274938,31.274938
node-v8.9.4.tar.xz,03-Jan-2018 02:37,18338980,18.33898
